file_name,tagging_vitgpt2
5dec6d6e40bd4d6bb3016f05bef8c3ae.jpg,a baby sitting on a table with a toy 
5104d2b1073347a7acf5a7cc0d5e1d19.jpg,a woman holding a red and white teddy bear 
f73e688021f04f128db6f1f399244d9b.jpg,a pink rose in a white vase with flowers 
20c657d94d5b4993a2e04879c8bdcf0d.jpg,a young woman standing next to a young girl 
7defda9553cd45c0aecad952d6eb8fa0.jpg,a table with a bunch of different colored flowers 
a12476ee5f4a43fc84efe9ddcb67114d.jpg,a slice of cake on a plate with a fork 
06b7fe22f0b0481386bf6afe36a0ef2f.jpg,a yellow and orange are sitting on a table 
ca5aa312929e47d2a366a20baf5093c3.jpg,a number of kites flying in the sky 
5ba2637b597d4163a70131f93e2768be.jpg,a person is making a pizza in a kitchen 
57a5f3237ea740718afff9e357ee7d02.jpg,a mountain range with a mountain range 
d09e8246e2354d64acc014ba08f1bc46.jpg,a man is using a wrench to cut a wall 
fb5a7d26cb424f8c93228e162130e19b.jpg,a bench on a grassy area near a body of water 
5bb4a492cffe4d87884a5bcd1ee5c90c.jpg,a lake with a bunch of flowers in it 
f97e5a1f1b0541b48c56477fdb92ff31.jpg,a wooden box filled with lots of green apples 
6e447541e5de4458830c989632ccd188.jpg,a vase with flowers on a table 
1111c75ff3c2420399ef3a35c64ac415.jpg,a doughnut with sprinkles on it sitting on a table 
db9fb33240fa4cf9a89889b75349df38.jpg,three women wearing red and white are posing for a picture 
e46362fc746d497d96c7863f21a8c4a5.jpg,"a sandwich with tomatoes, lettuce, and cheese "
0a14a73f896a46009d545bd2b9960294.jpg,a woman holding a rainbow colored balloon in her hand 
03d87b233c304ffbb03a5ed5958a1576.jpg,a number of colorful kites flying in the sky 
d14c4e6c44cf463cb77a6954091b6959.jpg,two girls are sitting at a table with laptops 
574bdfcb4b434c5c87c4f0c28b0fa90a.jpg,a wooden bench in front of a building 
9ab7167032734f328a1c2b6a2d582b40.jpg,a table with a bunch of different colored balls 
3c516dc2a2934bcfa18f36d1c0b66c76.jpg,a woman holding a bowl of vegetables and a salad 
c63245f3b2d84ef999793e7a6defae29.jpg,a bird standing on top of a rock near the ocean 
017872a7a23044a8b5b1061b04fcb42a.jpg,a pan of food on a table 
0bac186a8b494b0ab51e5188d003bab5.jpg,a man holding a pair of hands while standing next to another man 
e6701c367a954086bd78c69c9f5ce0d3.jpg,a bowl of fruit and vegetables on a table 
8f228208e9664bfc9f81cbada1e54cfc.jpg,two sheep are standing in a field 
f30287c114204141b64c0520eea2d85b.jpg,a bowl of vegetables and a fork 
61edf29f2e93445cb2d7659a0161d361.jpg,two men standing next to each other in a room 
7ad97bd7d6704ed791947c700b3a1035.jpg,a flower in a vase with a flower in the middle 
620fcfc3151a4e80a4a16719bc979344.jpg,a woman sitting on a bench holding a laptop 
c940d9d3b4294893b6423a302eec6cf0.jpg,a woman in a black jacket and black pants standing in front of a building 
bb736da7b1a1453285b54c5eec843b0f.jpg,a woman in a pink dress holding a pink umbrella 
21850284946240bcb85c9d5328347674.jpg,a plate of food with a variety of foods 
b565ee262e7142d1bbaae93b089b87ad.jpg,a woman holding a pink flower in her hand 
8ea3ab854a8b40338c47a7a92163d6e4.jpg,a large mountain range with a mountain range 
a25604e0195c437fbd57c4a7ed6052ca.jpg,a black and white bird standing on a rock 
64afc7ff1d76422da5b3d3989734ba56.jpg,a bowl of fruit with a knife and a lemon 
94fc176252b34938ad98c62988db3a6c.jpg,a man and woman are sitting on a bed 
2ee3863a699d4277962b76e890e690cf.jpg,a black and white photo of a bare ground 
a62c39cd1dfc47d7af88f21998cf7156.jpg,a large building with a large clock on it 
db67dbe458564539895454ac78b2ad85.jpg,"a living room with a couch, chair, and a mirror "
59dbf352011d4e4d800129431d93134f.jpg,a young boy is eating a chocolate cake 
41fa2753754b4a378f05e8f6964ab771.jpg,a woman holding a cake with a child 
5f889e56314f455fbe8b7bf713f2b471.jpg,a woman in a black dress holding a wii remote 
616549eb149b4b22b5e6529986004a73.jpg,a small baby zebra standing in a field 
52803e5761a948d9a1fccba69e09c5ad.jpg,a person with a pair of shoes standing on a sidewalk 
d37eeee25a974381be6369a13de04f2d.jpg,a woman in a blue shirt is looking at her cell phone 
c0edfaa608254af4b07d653fbf064dc7.jpg,a street with a building and trees 
a688943ee2bc458cb1c5aace9c708692.jpg,a man in a suit standing in a hallway 
c89977c50a3144aba67ae3d2dd056366.jpg,a woman with a red and white face and a green neck tie 
6f011b5241804422ba0cae5d0491ae5f.jpg,a small table with a computer and a bicycle 
6214ee42cc7a4707b97f1ee53c0244b9.jpg,a woman in a red shirt talking on a cell phone 
4afc46d326bf43a28d571b2a2cb1c1d9.jpg,two women are sitting at a table with a cup of coffee 
a314589cac7846498aa270285ca44fa6.jpg,a girl wearing a red jacket and a red scarf 
9725b27dd62046a1bb9dd8e6b550bb07.jpg,a man wearing a tie and a shirt 
86ed89208b6b4fe6a617a6bce8046118.jpg,a small cabin with a tree and a cabin 
941e8b99c89b46a58fa8ec9b2183c227.jpg,a pizza sitting on top of a table next to a candle 
74d4d304b9574864b75ee06a8571778d.jpg,a red and white stuffed animal and a red and white stuffed animal 
d7e4d931559d44f2bcb77f47b23ba702.jpg,a rocky beach with a large rock and a mountain 
da4a38351bbf476e8d2f9847c53ff226.jpg,a green grassy field with a green plant 
30a1631b17e8441fa2cbdb89e5823291.jpg,a woman in a dress sitting on a wooden table 
6c45f033fc2344f2af34a1e3503b786c.jpg,a plate of fruit with a lemon and a grapefruit 
ab09b5cff2c94f738d8948a668db00b0.jpg,a bowl of fruit with a small amount of leaves 
fd95ae25be314fcea7ed26e8f0747849.jpg,a pink and white cake with flowers on a table 
d73324ceb5b144e8b0f63193a832fff2.jpg,a person's feet are shown with a pair of shoes 
e97835aa05fb471fafd08fb7b0a906f6.jpg,a bird flying over a blue sky 
aa8b7064b31948efb5994de2f96d9da7.jpg,a large crane is attached to a large building 
b08b617549504fddb9deceb7a79fd380.jpg,a bottle of paint and a knife on a sidewalk 
6a227e7c795a4be985339c0e39ba7410.jpg,a person on a mountain with a mountain 
d3df5764b8724aec88306dd0f1d00f91.jpg,a variety of fruits and vegetables are displayed on a table 
7e9a465451e94eba83c7117f18ce051f.jpg,a woman in a white dress is sitting at a table 
82a50bb737114399bff3c925e200d4d3.jpg,a painting of a wall with graffiti on it 
0e529403b575426ebd03e32701aeab6e.jpg,a table with a bunch of different colored vases 
90c6fa9845dd4befb692016b8b41f3a3.jpg,a man standing in front of a large city at night 
4fc75efd02224d869141016629845a8c.jpg,three women sitting on a white surface with a poster 
3ff77556b0154c7698445db30f943484.jpg,a cake with flowers on top of it 
29da657664b646fb9534d5ccb5ae1fd4.jpg,a large stone tower with a clock on top 
e54a187784284250b8b07b5f1069eadc.jpg,a woman in a bikini is holding a paddle 
ebc06b4808dc4848b4b2840ab32712a7.jpg,a close up picture of a fresh fruit and vegetable 
04ace5cfc5894fd497dcc6a9492fae9b.jpg,a glass bottle with a red splash in it 
f604cfd97058412d9c69474176ca3fc7.jpg,a woman with a black hair and a black dress 
4c9810f743004d44afe987cf7166a876.jpg,a stuffed animal laying in the grass 
3c31352ade1e43bbae583a75b9b563c3.jpg,a couple sitting on a stone wall with their feet up 
327f4611b79543a89e5bb403590e2a22.jpg,a container filled with carrots and other vegetables 
d3366eac7e2648a5a33cbb4c8493515c.jpg,a woman holding a cell phone in a room 
cf8b088bcff847789afc7837f8f3bb22.jpg,"a table with a jar of honey, a jar of mustard, a jar of apples, and a"
5a74b4c7440045c69682ee8ff0ff4157.jpg,a woman sitting at a table with a phone 
d8cffef875ee44a5becc6490519735b0.jpg,a woman is looking at a cell phone in a store 
7dc9c33a12de4d099df391f9038cb4d3.jpg,a man is working on a large machine 
2f35aa07a1a847028475e8fa3a3ed73d.jpg,a man is cutting up a large pottery block 
52feabc9f3f040f1ab7f15e41e06a028.jpg,a man standing in the middle of a snowy field 
21874b5af14845589e825b886fbb90ca.jpg,a vase filled with yellow flowers on a wooden table 
649e5b2411a249d6821cca09f5ebc236.jpg,a woman with a green plant in her hand 
e12bfebf73084c8fbd0e3636f07cab6c.jpg,a woman in a blue shirt and a black tie 
68e99adfb69c450f8ca49019c4489054.jpg,a chocolate frosted chocolate cake with a knife 
fabab24ace40469f9b5185252a5af2d7.jpg,a man in a suit and tie standing in front of a building 
503e25409f03453e81781a9574cc7f99.jpg,a man is standing in the grass with a tent 
d2057a4dea3b45efab942441f6403e11.jpg,a bowl of fruit with a bunch of leaves 
19b9732c8fb84fc99e3375cd2042129c.jpg,two men are standing on a hill with a lake 
9ae94a79e3ba4d1b899ba534d2320567.jpg,a white plate topped with a piece of cake 
648e95bb367741f2ab3a28b768011d32.jpg,a river with a bunch of water coming out of it 
be32dd3211044b78a00adbca52585538.jpg,a woman sitting on a window sill looking out 
b481481ea22243d5b0c9f44d67c1bec8.jpg,a woman is using a pencil and paper on a table 
6e660073707942a4ac30eccd66fbe85b.jpg,a bench sitting on top of a lush green field 
dc2c83123ee146498d31a2cc070c6c39.jpg,a woman is walking down a narrow path near a river 
e436e975b90146aa807685777358179e.jpg,a close up of a flower in a flower pot 
2837eb19d1594c2eb39d3e99ab699fa7.jpg,a pile of dirt and gravel on a beach 
a52da730290b44e99d74a70aac660638.jpg,a woman and a man are smiling at the camera 
77e1185e663d4612b6045b1f92f8b400.jpg,a man in a suit standing next to a door 
7fa212be0f5f4870a643e607d1f616f6.jpg,a large amount of pottery on display 
2191266ba2564843a7e30270d4137491.jpg,a nurse in a hospital gown holding a blue box 
2c0280d40e2a4ab2bbf083115318afe0.jpg,a man in a suit and tie is looking at a paper 
6111c7a70aff43968a58bdee820b3559.jpg,a large building with a clock tower on top 
f895795004584063b6dc05ba8769ef50.jpg,a crowd of people standing around a car 
3ee8d7c47d224e45b752fe4ae8f42eb1.jpg,a woman in a kitchen with a bowl of vegetables 
c37070cfa6d24b4da875ec7c675da485.jpg,two people wearing glasses and ties 
b0283d3b5a3f4d91a7a4c8c36c767c00.jpg,a woman is holding a man's hand while he looks at her 
14830bde466447e9936ce6c1920fe4b0.jpg,a city with a lot of trees and mountains 
98531e4793a74ad4b5322aeb66b4ef8b.jpg,a flower arrangement in a flower pot 
6aa845342d8f4dcd9d09fecb3b1987cf.jpg,a woman with a black shirt and a black tie 
f2d49d4c48704b99986f3e5147e1db08.jpg,three women walking down a street with their skateboards 
7292baddc6b947e6a7f7ca14ab66955f.jpg,a young girl standing in front of a blue sky 
9b1814451f7b4625b380a631abec3144.jpg,a large building with a clock tower 
7fafa2417e40428897503d190a7bc7b1.jpg,a brick wall with a brick wall and a brick wall 
947a136216ca4c47aaa64535cccbca44.jpg,a small airplane flying over a field of grass 
24125d3d17904f948c222133665f0a68.jpg,a young girl is standing in the woods with a cell phone 
ffdeb096571d40c4af0a1c607a73abe9.jpg,a person holding a peeled orange in their hand 
9746d523043d4ec2b4d400d79142d5ba.jpg,a man in a suit and tie posing for a picture 
2634fb8636c2481385fb8d70562b6a17.jpg,a bench sitting on top of a lush green field 
465df47bc0454e99a1bf8bbee65fc084.jpg,a man in a suit and tie posing for a picture 
920011cebec247a19941b338170f00c3.jpg,a horse statue is on a wooden bench 
c0ebba68b69745f3b2196d9fa5ab1062.jpg,a small plane flying through a cloudy sky 
36b71a034c064eb8bfe4caa337a0b9f8.jpg,a salad with vegetables and other vegetables on a plate 
6e947dd5b46c4ac7b780672e1b705300.jpg,a girl standing on a beach next to a wall 
9ce56b3f925b4fffbf55a64a661ddf2e.jpg,a table with a bunch of different colored objects 
941e6e8b61e441faa210f913c9e7391c.jpg,a tree filled with lots of green leaves 
708092eecd95417c9c9386a306c5e00d.jpg,a woman is smiling while holding a wii remote 
2bb297e8696e4d358bfaf97f877f53f0.jpg,a little boy standing on a railing holding a blue and white object 
ac9d8e55579a4eeb85977575c3985d31.jpg,a bowl of red and white beans 
428c492687494ef7b42b33889a61c914.jpg,a man in a green shirt and blue shorts playing a game of tennis 
e83205f1914844e99c9097c2f164dc36.jpg,a man in a suit talking on a cell phone 
752aadb5223b4276ace26e9cd1f4664f.jpg,a man in a yellow vest and hat walking 
d5ed206e1829410191c06844304ad2bc.jpg,three colorful colorful colorful colorful colorful colorful colorful colorful colorful colorful colorful colorful colorful colorful colorful colorful colorful colorful colorful
1d61e5ebe0c2498e9ca0f82b74b397cb.jpg,a building with a stairway and a wall 
130eecc279bc49e8b460c6808897d029.jpg,a baby sitting in a bath tub with a towel around his neck 
a43f9d22910b4c6cabd66817e571d763.jpg,a tree lined street with a couple of benches 
f1796d88810c4bc2b6c75edc1f46f06f.jpg,a little girl in a red shirt and a red and white striped shirt 
484ee4d83f50479a8113a658a44cd485.jpg,a large building with a large clock tower 
99d2b4df9be24fc8bf3321bd771d94aa.jpg,a car parked in front of a building with a tree 
62061c8000c6427aa36dd24cb418c855.jpg,a table topped with a cup of coffee and a bag of chips 
bb8d1bfff1e042169e15b764335e3ecc.jpg,a little girl sitting on a white floor 
8339dafcf4a34f06a74561d36debc583.jpg,people sitting around a table eating 
1ce0757852b241a4a0116830a8c201b2.jpg,a bed with a white bedspread and a white pillow 
fa4574cbf8774726b0420a1ca8da782b.jpg,a river with a waterfall and a rock wall 
7a805aaacd9e4ea08136ae709f73f5ae.jpg,a wooden spoon with a bunch of bananas on it 
d624b4211e8b4212b8abe6a95e02a338.jpg,a pink doll and a pink doll and a pink doll and a pink doll 
0dc1ffd7ac1d4e989a73d9fa542ae589.jpg,a blurry photo of a sunset in a field 
5d2915c3bb654f5fb2cf146ca88c43af.jpg,a woman sitting on a bed with a laptop 
87ebea10be244445a54da63a9099e84b.jpg,a woman with a red wig and a red bow tie 
c2470bd5eba74e2e8360f313a713979f.jpg,a wooden table topped with a wooden cutting board 
e76b4717fc134bd0a7d41d7bdd0d5a40.jpg,a woman sitting on a patch of grass near flowers 
aadc3378b08b435593dff1cec4b46a21.jpg,a pair of black and white cupcakes on a table 
5efe3d201aaa42d68c75e8e14705790d.jpg,a meat and cheese sandwich on a cutting board 
144a10741cc14bb4935d4170e297392c.jpg,a black and white photo of a black and white animal 
0a4b8569dd9f4c1296c8e622b3bcbdf9.jpg,a small piece of paper with a flower in it 
8f81e1f47ffb463eba02351a5c3b8305.jpg,a boat is in the water at sunset 
1fde156ba4794f66b7f59dd35aa87f0a.jpg,a girl and a boy are hugging 
86bf8e308dee40749cd5b1981c35033e.jpg,a woman with a pink wig and a pink mask 
c61c98b3955b42f0940d64274783a917.jpg,a person standing in front of a large building 
604ad8b5baa44d1889ae8120c83b33c0.jpg,a small airplane is on a runway with a flag 
5ed62f78470f48c28b9ab788686d119e.jpg,a woman holding a picture of a woman holding a box 
7c513e61cd22475a876975c12e5cf0a6.jpg,a man in a blue shirt holding a laptop 
452ecb3503d04afcb8e987cb5ba462d2.jpg,a doll with a red face and a red scarf 
e84a4d4152e44f6aa76cc02cbcdec24a.jpg,a chocolate cake with chocolate frosting on top 
e26ba04deb66472ea77774052d1eaf43.jpg,a man in a suit and tie standing in a field 
7f9b9adbbb51463b9f4d47f65c6a6d0d.jpg,a woman in a black dress holding a black purse 
8bb829efccb549178cae75a2c6b7780f.jpg,a sunset with a sunset view of the ocean 
55ab973d52134998b7d350c7693fd2f0.jpg,a bowl of fruit with a candle on it 
f5155f1a42084bdf89d5129c29d46ba2.jpg,a man in a suit and tie smiling 
a68bc10d087e493da4516b87dfe03226.jpg,a barn with a wooden roof and a wooden bench 
b709ecf191744ab891026be787c75ffa.jpg,a mountain range with a sky background 
a2660390317d40cd81e6808da571f648.jpg,a white plate with a white and black handle 
9fee23fd56fa48de864f61ecd5d9864f.jpg,a bowl of soup with a spoon and a piece of bread 
79a54d3f2bee4ddf8dc79659afd506ef.jpg,a bird standing on top of a beach 
016ace77039e4ae79a2a088a4406e28c.jpg,a large brick building with a large window 
2e16f90cbd764e239f002f2bbc8915df.jpg,a row of metal rods on a rack 
c6e68e68afb84b64867722ffcf04e95a.jpg,a fountain with water spraying out of it 
9b780ec698bf414996c948dd59a406eb.jpg,a brown horse standing in a field with trees 
d5f67693b85448268bc0aa78406a7daa.jpg,a glass of water with a drink in it 
ad42963b5e7e42e49d053c49df9cea30.jpg,a woman wearing a hat and holding a whip 
e1512e3d7abc4bb7a7793bcde12a8b26.jpg,a woman is playing frisbee in the grass 
35e307e0c70c4418a7db23a29883f86e.jpg,a woman in a white shirt and a white bow tie 
4d4575833154490196a0a6f0a487d930.jpg,a woman is laying down in a white dress 
5a4744f223044cf88ab5c41c299050bb.jpg,a little girl in a red dress sitting on a red rope 
a1a13161c77b4f2ebf79a579d78674d0.jpg,a bowl of vegetables on a table 
96de019c4a704905820d5ff228ac7bec.jpg,a cupcake with strawberries and cream on it 
866a7f6c5ef447938dcea97adc662864.jpg,a large group of flowers in a flower pot 
25d058e9135d42b88944606c8e5d9909.jpg,a glass of wine sitting on top of a table 
7f09d9d1ffc342e48e15f2d9ca06a568.jpg,"a table with a knife, scissors, and a plant "
5dd707cf8c694e1fbfaf398fa9040ada.jpg,a woman holding a bouquet of flowers in her hands 
b7d0830ae12f4c8d8a502e4d7215c0dd.jpg,a flower in a flower pot on a table 
035a6f97af6c4596a2ac831fe193db61.jpg,a plate of food with a knife and fork 
038d9684df0e4d7fa6f72ac34b4beef4.jpg,a bowl of various types of green and white vegetables 
f96b727b8f2047359f36e53a02fd2219.jpg,a girl with a pink ribbon on her face 
aa70b931c1e84f9292cff4812aba1637.jpg,a woman in a bikini jumping up in the air 
138214b2dac444e9a2947f10a96e8c77.jpg,"a plate of food with eggs, sausage, and bacon "
b0d35f01b9f54c749d8e7110ccb2c5d5.jpg,a girl and a boy flying a kite in a field 
2c39356dd6534232b52f6b5a0a4254ac.jpg,"a plate of food with eggs, toast and a lemon "
d9b20db8f440496a8a26d6593b26bf34.jpg,a woman holding a red umbrella in her hands 
ab0c9d47d2b94ded9a6cd71647626334.jpg,a pile of vegetables on top of a table 
1972dec970f04e78af45bd408a013715.jpg,a woman standing in a grocery store with shelves full of food 
1ae657b2578545d8a2b5cb77c433727d.jpg,a bowl of noodles and vegetables on a table 
5dd3be353e4c4067aee4e50a11b50a5f.jpg,a clock tower with a clock on the side of it 
34248083e628408ab3627d5c5e35934e.jpg,a large group of small fish sitting on top of a pile of rocks 
f4b37e3dbf0e43f1b5f4fed3ee2a5df1.jpg,a plate of food with a fork and knife 
697ce9faf4f3489a86276ea68d536add.jpg,a woman sitting on a bench with a laptop 
10839a9a25d84b6284a618909818e1dd.jpg,a pile of green apples sitting on top of each other 
b8f312316f8d42f4815a6b2c77dedbf2.jpg,a woman is eating a piece of bread 
9d6e7a7e527c49c0ae5f551bd6197f0f.jpg,a pair of scissors and a piece of paper on a table 
3eef3a33362d44ebb9c34e0c70a8ff5a.jpg,a woman riding a bike with a bunch of stuffed animals 
d153421ac9364f59918fb6b0a481892f.jpg,a plate of food with a fork and a spoon 
bf693b824c184cd1bc9a936e40c54b93.jpg,a lit up night sky with a bunch of lights 
6ed2bae235244a83b37f783cd6521618.jpg,a large building with a clock tower 
e68c5667fc4149d488dab60f001fdb34.jpg,a city with a large building and a clock tower 
835c4bcc25d74ae18b182bd4e08f9494.jpg,a loaf of bread with a few pieces missing 
5b5a89554d094a4a92a97b993d995823.jpg,a woman sitting on a bench next to a truck 
16edf44700a2414e99925873c6aa7ca8.jpg,a man in a suit talking on a cell phone 
618bc12dfa14428480476b23fd694a96.jpg,a woman standing in a field with a hose 
8906bc6fb69b429784047aa22a14b47a.jpg,a woman sitting on the grass with a skateboard 
0aa07f7246bd47ccb5ea4256f4a28908.jpg,a large building with a clock on the wall 
c1e29ca8e0b24dd8bdb1f09cd05eaf6e.jpg,a field full of sheep grazing on a sunny day 
4ed6d54305c54036bdb6573cb82b0b93.jpg,two girls are using their cell phones at a table 
255790d3bd3143d79856e1c7b14c4afe.jpg,a woman in a dress sitting on a chair 
29d247799a874fb786e767ec728840e4.jpg,a man and a woman sitting on a blanket 
5bb9e488dcf74e729708da2bfcee0949.jpg,a woman in a skirt and a black dress is standing on a brick wall 
7240887dd850475e8956267e8a9a745d.jpg,a man with glasses and a tie 
86d3053d3fd44da7a52d5f68063c351f.jpg,a fire hydrant with a candle on top of it 
e57eb09780d94c1699361ab195534422.jpg,a woman holding a laptop in her hand 
18aad3c352934da795aaaa02a7b50830.jpg,a sandy beach with a few birds on it 
d6398c5df9804a899a282fb46a5421d0.jpg,a cutting board with a knife and meat on it 
c879aa15aa324fbab07c9607950bf1ba.jpg,a woman holding a glass with a picture of a man on it 
f8222c5065614c3f8f0838c03c8ad328.jpg,a man and a woman pose for a picture 
a437ee84010442a085ad374b9a6608a2.jpg,a bowl of food with some vegetables 
7f796df337554d16a77b53e2df5c1086.jpg,a pile of pink and red colored candy colored candy 
939a0020d324480fa2639db78036f1c4.jpg,a man in a suit and tie posing for a picture 
40f5f11e3d5f4f959b1f7bde7322ce7e.jpg,a row of buildings with a street sign on them 
af03b4901d8948c6a682792eedea885a.jpg,a red and white plate with a heart shaped cake 
4f57ec21dfa449adaf5fe3781bf772bd.jpg,a woman in a black shirt holding a white remote 
34c4613353d34b369e6e2a8f00d3a2ec.jpg,a woman with a black and white face 
e167d64b8c36402f826f4dce17f28872.jpg,a black and white photo of a black and white tv 
113154f0fe3f4e48bd2c5655260347e0.jpg,a woman in a black dress and a black box 
487cf6bce16f403d8cc4971ccc71d76c.jpg,a man and woman sitting on a steps looking at a laptop 
690f54217f1541c79675c485f9d111ee.jpg,a woman in a red dress with a red flower 
151baca549d24943b3213526853df021.jpg,a small stream of water with a few leaves 
7dc517c966a64f09ad84bbd48c739e3d.jpg,a building with a large window and a large building 
10b4885ad46e4b2b9bd11f5927f31feb.jpg,"a hotel room with a bed, desk, and mirror "
e241d314543243d18695ba01bf311e3d.jpg,"a plate of food with eggs, toast, and bacon "
b971b7772d96491ba17fe3ceb2b0b033.jpg,a person holding a paper with a picture of a person holding a cell phone 
d98edd3781794c7cbae791281950c129.jpg,a lit candle is lit up on a table 
d4e2ddc343544995b21bc043c63055bd.jpg,a horse standing on top of a lush green field 
26c8d9e5a5f34978a8d4ece43396b246.jpg,a view from a window of a city with a view of a river 
b77cccd665da4de49f4633e59fb18269.jpg,a bowl of vegetables on a table 
18689479d27e4067bca2b9de8a3f0292.jpg,a man in a black shirt and glasses 
927705a792554193a602c4ceaa4d6234.jpg,three girls are standing on a tree with a frisbee 
d6a36009d7264d8baf7aa9a04c4d7985.jpg,a woman in a black dress sitting on a bed 
0aee1bb1974848abbfb0e36b27e3dfd6.jpg,a snowy mountain range with a mountain range 
3c59bd40c6ae43eba6658201b844c7bc.jpg,a car driving down a road next to a mountain 
6d0cc7efc0734bbd9e4d662592dde7d5.jpg,a man riding a bike down a street 
5cbf632f8a0f481483e280905213669f.jpg,a rock is on the ground near a cliff 
210a81c556284265a4a443dbae82e303.jpg,a blurry photo of a red and white flower 
2b2395f7dd1e47aaabfd38bdac6188c6.jpg,a white flower in a white flower pot 
8c97e138712b4c83b0a704ad49e59725.jpg,a person in a yellow jacket holding a yellow frisbee 
823654327e584d97a82baa6bf9abdd16.jpg,a bird perched on top of a branch 
41581b169b224de8b055cd1ca11f7e4f.jpg,a lake with a mountain range and mountains 
362ccf8271ac4a9992fd17126af29ee7.jpg,a white and black striped suit case 
cb7d0db89b384251b74d8e2383d48c78.jpg,two men are standing on a brick wall with skateboards 
158734412fc64d10ab92baf9f27c557d.jpg,a woman in a red dress standing on a sidewalk 
e63ae5649a034bb9aa9f389e1f2df790.jpg,a man in a white shirt and black tie 
c82730314068437d9fe74ee2a1f06cbe.jpg,a plate of fruit and a plate of ice cream 
1bc52a6203c74518800823a4df70906e.jpg,a woman with a red hair standing in front of a mirror 
f8208a59e3824579a1d9233781589041.jpg,a row of old rusty old buildings with a sky background 
d12973e4d6814d41a17a2fc8e937c1d1.jpg,a bridge over a body of water with a city 
292f73146bce402c802fa7aef758fa5b.jpg,a man and woman are standing together in a room 
b5c0570e1a2e4dd7b988dc67c5218180.jpg,a man and a woman are using their laptops 
8490e23fea06495c975ebc3fd4ee4aa7.jpg,a young woman sitting on a rock in the middle of a field 
fd130017ccd346ba91cbc42e186b32e6.jpg,a man holding a frisbee on a beach 
4af63c49c2aa4bb0b551f89f490867ed.jpg,a young woman standing in a white dress holding a white object 
4a62e6d3b6e748daa2f542408913d830.jpg,a woman with a black eye and a black nose 
9963ca75dd91434c97c510cb8234df79.jpg,two yellow and green peppers on a red surface 
f64a27d4a5c64763b78f6ca4c31d210b.jpg,a bouquet of flowers in a vase 
104343dc81cf4d0184024438df6ad1df.jpg,a waterfall with a waterfall in the middle of it 
80099da6800145db901ad2463bffc3f1.jpg,a laptop computer with a light shining on it 
03f7334b5e6e465988a61a2362f0686d.jpg,a bathroom with a toilet and a wall with a picture of a woman 
de5d047bc1a546579f7b4006cea7caa8.jpg,a plate of food with a piece of bread 
2f2dec12be1247bcbd94149526d4a726.jpg,a painting of a street with graffiti on it 
2ca98dd82f4e4fbfb5d42048fc0c5ad4.jpg,a girl in a pink dress holding a pink purse 
5a82e1219bf34554b35e195b9338a627.jpg,a row of windows with a balcony 
42908908fe564b54b0f1b2cb2801120e.jpg,a painting of a painting of a mountain with a mountain 
704b281adf454620bffa1a45658916bd.jpg,a person with a green face and a yellow head 
1685b4a8151d4b539269d396cc3530cd.jpg,a man spraying a green substance on a green field 
0831c324f18a45e09f1e6a8b5e99f0a9.jpg,a woman with a blue shirt and a blue tie 
a7aecfbe76ac42f4861b5ec49396455c.jpg,"a table with a cell phone, a calculator, and a keyboard "
eca8b4a4160249efbc7829950651e377.jpg,a person is laying on the ground with their feet on the floor 
cf1b3f89da12406eadfce11069c8fc8f.jpg,a man and woman are laying on a bed 
19babf5ff83448dbb1e1869b6d43489d.jpg,a pot of plants is sitting on a brick walkway 
3892bb84f0894ee29bbd3f8a2299ceaf.jpg,a green plant growing on top of a green plant 
97c22dc92c1c4d429945490b3c8a9e26.jpg,a pizza with pepperoni and cheese on a plate 
63527788983a4a0f80f72d3436169148.jpg,a bowl of food with a spoon 
2c62686bbc0048a99210d2c534fb81cd.jpg,a woman with long hair wearing a pink dress 
9675bb3d8ef9473aa70d420ae5e4810f.jpg,a woman in a pink dress holding a pink umbrella 
ad064920300d439aa50b7e6ea16fc68c.jpg,a man and woman are holding a cake together 
09fe2110cc674b3aa92d02c1862da6c4.jpg,a woman holding a cell phone in her hand 
1d2753f772004c00bd6fdd578ddf4012.jpg,a woman sitting on a tree with a book 
483412064ff74d9d9472d606b65976d9.jpg,a fish and a piece of bread on a plate 
cf7d881dcc5547f5832ebb85063b44d9.jpg,a woman sitting on a bench with a laptop 
d514ca2e89d147eea982d90c7fe2bff0.jpg,"a bowl of salad, a knife, and a salad dressing "
c9c6fd93c0724d1c8d9c7801ba34f247.jpg,a woman holding a pink flower in her hand 
cc0a0940eda843eeb823d6c790070f04.jpg,a plant with a green stem in it 
ec5757c5e3e7456d8864675962ff5b3b.jpg,a man in a blue shirt is holding a box with a box on it 
4b715ea78773497e8c705199e05a37cf.jpg,a woman wearing a helmet and goggles 
e47b09d2d20d4958ab491b4ea1fb90ee.jpg,a man with a soccer ball in his hand 
7cc419fdec5248ca9df969573a8edeca.jpg,a bird is standing on a metal pole 
e78d5de6c0e641679379ea976dbdbd9d.jpg,a woman is looking at her cell phone 
03630d206b02424b8137fc0ee95fc071.jpg,a woman sitting at a table with a notebook 
2d15451518804c04b5ee8e9499c0df76.jpg,a woman is talking on her cell phone 
4d4483c4ff5e4435b11ad19677b70a9a.jpg,a table topped with cups and plates of food 
b80ac71d68f2479c86db161ea1e424f6.jpg,a field with several kites flying in the sky 
33af9567683f40aa8f333212def63e76.jpg,a plant in a bush with a few leaves 
37a05f4fddf84ac6bd2a9d49446c4c95.jpg,a woman holding a green apple in her hand 
2ca662b4e8f84eaa82837a5c5498795f.jpg,a woman in a kitchen with a bag of chips 
725c573bb27c4f188faea4df617b9fbc.jpg,a sandwich with meat and vegetables on a cutting board 
902921a56a454c4b93228f82c58822b1.jpg,a door that is open to a building 
9074bc100e004261b51b5d325b7bf353.jpg,a flower arrangement is shown with a white flower 
d0cf82f724904223ae510ea4e1b82a93.jpg,a blue and white toy airplane with a blue handle 
8d413c12293a4157a521012b50afb28f.jpg,three plastic bottles sitting on top of a table 
46be149a87ab487686b56b78f2f90d02.jpg,a clock on a brick building with a clock tower 
d7254fcf1d094bc8a6befa7876850ec7.jpg,a table topped with a bunch of christmas decorations 
54a63fccece04c7aa2e8bda966fa9ce2.jpg,a lake with a river and a forest 
c0b49ba4081a4197b422dac7c15aea7f.jpg,a pile of chocolate covered chocolate covered chocolate 
4ae626d6665f4b77a83d0b21f7f91c29.jpg,a man is spraying water on a blue and white hydrant 
0be468d304bc462c853e7815411085c3.jpg,two girls posing for a picture with a man 
e71e4b9b49fc4dddb20ac2fef00b8480.jpg,a woman in a kitchen preparing vegetables on a cutting board 
6aee4fa82ae54fe98867c91c8f2e7240.jpg,a mountain range with a building and mountains 
b34cadbe7ea64258b29b4e3590ba6bad.jpg,a large metal structure with a large clock on top 
33ac9863a4c849ad8633fcf656650860.jpg,a pink toy is sitting on a white surface 
cb65afe751204faf80cccc58de3de28e.jpg,a woman standing next to a man in a park 
4bc2d9c667fa43eea65574d8aa7bf635.jpg,a white bird standing in a field of tall grass 
ad41303189084f80b836ea19707a5511.jpg,a woman with a green hair and a green flower 
714da92a2613431c8b87afaa064dc6d9.jpg,a woman is standing up and holding a phone 
c3101d9ffe4143559bbb5cad299fcbaa.jpg,a woman in a kitchen preparing food in a bowl 
53abe523290a4d2e845d3f8d7c8c0554.jpg,a forest with a tree and some trees 
a076bf2525974772b718bf301d16c0be.jpg,a bathroom with a toilet and a bathtub 
9bf5041d458648cbbd21b4817d08fab2.jpg,a woman is painting a picture of a painting 
23f37c74d8ba4cdb924095d49de94345.jpg,a green plant in a green plant filled with leaves 
8f6b0d3817ff4941a244274bea1e645d.jpg,a bowl of fruit and a spoon on a table 
797a401d80a549a89627f8fffb717761.jpg,a river with a bunch of rocks and snow 
f184a407423c4d18925d1f5920d26974.jpg,a bird standing on a rock near the ocean 
6b691d41f76e4ac48f4f374b5cbafa24.jpg,two women walking down a hallway with a train 
14ee32ed944b4a7bb1503470f2066257.jpg,"a table with a camera, cell phone, and other items "
bbaac7c873444393af58379701a3c451.jpg,a white bird standing on top of a body of water 
8870283363be4ba8a4d8454632615827.jpg,a table topped with a variety of meats and vegetables 
7a0d1a79a1a648c4a12a19261bd3124b.jpg,a rocky shoreline with a few rocks and a body of water 
bdacc57de7fb46cebbc20c649d0dd76f.jpg,a red plate with a red slice of pizza 
b7b4ac029cf04423b01f29cec6dd199a.jpg,a white couch sitting on top of a wooden table 
1e4be131788d40f9b89ea96fbc66e781.jpg,a man standing in the grass with a tent 
0f633a60de714f8f8b853ba2d6b29850.jpg,a window with a light shining through it 
265f663c52f2403a8471814f8d378ba7.jpg,a field with a bunch of green plants growing on it 
22bd54f3b1f443aa93d8a63f9c64e409.jpg,a wooden table with a wooden floor 
f910f0e838494733b787c3a5a0ba5813.jpg,a cutting board with vegetables and a knife 
45aef3a8801147638244a3a8019f9801.jpg,a man and woman are sitting on a bed 
e676ec6b03fd459f9d0268aa6b0dc521.jpg,a woman in a pink dress standing in a field 
4c89dc08806b452d911e8ee58c501b3a.jpg,a young girl sitting on a desk with a book 
a82455308dde41eb96e5f1073167893c.jpg,a man sitting at a table with a glass of beer 
d28eb81cd10f494899f948c202e7e7b1.jpg,a woman in a red dress standing in the snow 
cd1e6f09865742ef969159e627d70944.jpg,people are standing around a car 
e31fb0a78e2b466db5ee6fd660cbcfcb.jpg,a woman wearing a hat and a red scarf 
4cba57bbd44146ae958754f91d9a4c6e.jpg,a woman in a red dress standing in front of a brick wall 
8c2c11605cb04192a889bc8794851aa8.jpg,a lake with a boat and a lighthouse 
dc6839eafef34dcbb23f59dc3e19cd7c.jpg,a plate of noodles with broccoli 
b93b01236de34fd5ab8a36b31f06098a.jpg,a woman is sitting in a garden with a plant 
e72f47663e7045cb86ce3eec799e04ba.jpg,a clock tower with a clock on it's side 
b0e2390122bb4cde846192e7a4141735.jpg,a bridge over a river with a train passing by 
e03b7f30c6ba428b97b7120f5769d7cf.jpg,two men in suits are looking at a smart phone 
0a340ec0b5b7482f84cc0e6456a3920f.jpg,a beach with a bunch of rocks and a body of water 
c7735acc787947b2b64a99957094feb9.jpg,a woman standing on a beach with a sunset 
f6ebb55fe8fc4b56a9bad391fcb83e4e.jpg,a woman and a man are posing for a picture 
bfeeb3f9f85743f68d33bb7cf75bdb94.jpg,a woman in a red shirt is holding a pink flower 
43d70e81381141caba3e1ba2180c1e09.jpg,a bird is flying over the ocean at sunset 
072d64f93c2848c88cff3a32604e78bd.jpg,a plate of food with meat and vegetables 
482b14f356444a46a0dafaecff27d1f4.jpg,a tall building with a clock on the top 
bd795601853147b7ae02b5cd2974fdc0.jpg,a woman in a pink dress holding a pink purse 
77cffb3cfe8343989d1ee1ec14df2292.jpg,a table topped with a pizza and a bowl of vegetables 
f9e5a776df4c44a4a4aad1770e676908.jpg,a man in a yellow shirt is standing in a building 
103ffbc305cc465c8edb249730202e5d.jpg,a cake with lots of frosting and sprinkles 
0e4eece317234138ba8e20f79e5dd8e6.jpg,a table topped with lots of different types of food 
0a7829d4d14546ea892deb3c608020c8.jpg,a body of water with rocks and a body of water 
dfff618f66464e089cc38e3ad29218f0.jpg,a red rose is sitting on a plant 
60ed358a1b5546d89ff421521eb38b70.jpg,a woman and a man are working on a laptop 
e4fbca4dfddd44479bb252ff39ee6bcb.jpg,a clock with candles on it 
faaf039ad69e4d5e9bc61b24685bd97e.jpg,a cup of coffee and a plate of food 
a99b780946d54e3fadfb0ebbe03bc3d0.jpg,a woman with a red tie is looking at her phone 
6dca7dec0af346b5b9a6535f7c4b7fe9.jpg,a person is using a laptop computer on a desk 
9459ae86efc8482394f401f78c0bd47e.jpg,a small wooden fence with a few small trees 
7c58a0a009d14bb7b7749810d4aac788.jpg,a green plant with a green stem 
3ec805a4ab434772a407bf8e956d4955.jpg,a man is working on a laptop computer 
fcb1d815efb849c4ade47f2e5def319d.jpg,a woman in a dress and a skirt standing in the snow 
8b701d4e637f4587b206cd7b228a8a7f.jpg,a large building with a clock tower 
f615122975a34a30af95282baadaeead.jpg,a bird sitting on top of a snow covered field 
7e610ed1bf4e4f3e9733beee808a9427.jpg,a large white goat standing in the snow 
9a08e0e5178a477eadae0120a9ad29a3.jpg,a vase with flowers on a table 
d49743c76c1b4666bbca2f34834816d6.jpg,a large group of yellow flowers in a field 
4018268f8694432784ae913ab2bdab8b.jpg,a hallway with a door leading to a hallway with a door leading to a hallway with a door leading
fe3ac676f77f47aeb27d6719559a9e56.jpg,a scenic view of a scenic landscape with mountains 
00df6d73e4ea4dfd9c0b3e5c87ddec55.jpg,a plate of fruit with a slice of lemon on it 
a5ab65476a354fbb8a3fa1849fce7b54.jpg,a bird flying over a field of grass 
aea42d67b34f4fafa999f7493080de2d.jpg,a wooden floor with a wooden floor 
aae52b2b14c74cb8bfa5213743e9bbec.jpg,a sandwich with a lot of different toppings 
f7c6db6ba67a4aa084338e6628dc015c.jpg,a yellow and green banana sitting on a table 
f3ab86df13f243fe91410022cc4b97b0.jpg,a young boy holding a paper cup with a heart shaped cake 
c58f65540e454893a3fe2d32baa819e5.jpg,a person holding a white paper with a picture of a person 
82aaededda924a83a0c612a9da6c7f85.jpg,a flower arrangement in a vase with a flower in it 
886d4c710db747849732c3762d087e8e.jpg,a woman wearing a red hat and a red scarf 
8cb84ea0099e497487f87f72a525fb4e.jpg,a young girl in a dress standing in a field 
4ef2b3ca28ac4861994fe31ad0f765f8.jpg,a doughnut box with a variety of doughnuts 
8ad052ff273245779d3f263cc71415aa.jpg,a woman is standing on a floor with a skateboard 
9d5f50bff84d409691b47e8abbfcec58.jpg,a pair of apples and a banana on a table 
5a6c39ee94314e19ae9114e39dae2df9.jpg,a bird is standing on a body of water 
9f98d53bdd8d4bc9ab22720e98ddb576.jpg,a small piece of paper with a flower in it 
6b573d1f9f1743b6b5b312ee98e529b1.jpg,a plate of cake with a white frosting on it 
e67d88077294414fa4bf4b16da5275e9.jpg,a woman talking on a cell phone while standing on a sidewalk 
db73de18bf0245dc8fd11f4a631bf550.jpg,three girls sitting on a bench with laptops 
4ae6c485ee0c4665a4f4f0feb561da9d.jpg,a person wearing headphones and wearing a helmet 
140ae66ace174b96823caa59790f1f1d.jpg,a dolly with a horse and a christmas tree 
43303c5ae9194071adc846e33afc33a8.jpg,a bowl of cookies with a bunch of them in it 
515fb6e2d7ae4ff080c23b4103a17fc2.jpg,a bowl of pasta with a fork and spoon 
f13833ff278b4b70b0e7c2f7eeeea87b.jpg,a city skyline with a large building 
56d14d2abe1a468b83d25ea07404b7bb.jpg,a man and a woman sitting on a couch 
bafa814e95004145be15615d2aa9ed24.jpg,a woman in a black jacket and a black hat is reading a book 
0cd4221a2a894fb8886fa0548c80ba41.jpg,a blurry picture of a dark room with a lit up screen 
fab8799bfd694ef6b7881895bf5ba487.jpg,two men standing next to a car with a remote 
5fdfe77447e2462ea4b7fc45c00386ad.jpg,a man in a suit and tie sitting at a table 
007b6ae9e88442d39e8c3b641c83ebd8.jpg,a man and woman sitting at a table with a coffee cup 
726c838cc12b4e68952d75e7da7394c0.jpg,a blue and white flag with a picture of a man on it 
d1144fb12bc94a769c949af02d219dd5.jpg,a man and woman are smiling for the camera 
db3178120f714cc1805ad96ac260bc39.jpg,a row of green and yellow plants growing on a dirt road 
7d18f20f0d954836a132399415f21163.jpg,a woman holding a cell phone in her hand 
3bb04311d48c48c68016d9fa6c75d037.jpg,a man and woman walking across a rock covered ground 
83b1477746b64f8c82d7aa3c7d7ac624.jpg,a knife is on a cutting board with a green plant 
c86054417db3455083f4260f3250195a.jpg,a woman is cutting a cake with a knife 
c42c4872f6c847d68f9a67118723b8d6.jpg,a woman in a bikini jumping in the air 
35a45367542042afb918f9c3a8d57394.jpg,a small airplane flying through a field of grass 
4fe1fb432c394526b2377fd4a7ebb93c.jpg,a person walking down a hill with a trail 
8da6c7cf9be846d587399afe3f6b09d5.jpg,a woman holding a colorful umbrella in her hands 
37c656d22a6b46248d3ede759b2e6c7c.jpg,a wooden table topped with wooden blocks 
0adaf0f00a974e11863a62407018048b.jpg,a large body of water with a wave coming in 
0177208b817b45cb8dc116743b4d5a44.jpg,a person using a laptop computer on a table 
7390d73eb9174697a0b53113105efb70.jpg,a pink rose in a red rose in a clear blue sky 
7585f21b96f24d5181ff3a7b4e420167.jpg,a bowl of soup with a spoon and a salad 
31f3ea70f6aa4ab0a6069f8cbc57d388.jpg,a flower arrangement in a flowery field 
7abe760ca0734aeb81109a478323ce4d.jpg,a fountain with a bunch of water coming out of it 
02e4084408204a17b096dc4c76b3031e.jpg,a man riding an elephant through the middle of a field 
78f06893a46d41c2b9422bca5f24b5d9.jpg,a man in a suit carrying a red backpack 
9057cad533024459a55acf41b9246009.jpg,a woman wearing a hat and a scarf 
512f14abf73f49ed8c09f59da0448e3a.jpg,a close up picture of some white and black stuff 
4c6307dbed8549d8bd08ab03116337b8.jpg,a woman in a blue dress standing in front of a building 
78585eedda2442b4a446d1b44b90a1ee.jpg,a woman is using a laptop computer 
24958b8351ec47adbddcca7f12fa0882.jpg,a woman in a dress is looking at her phone 
f09ddd99e57b4dd9bcce6c41f185ae33.jpg,"a plate of food with eggs, sausage, and bacon "
88208c21b2a745c7b6d07e5ee7054781.jpg,a woman holding a bottle of water and a cell phone 
2d446441bdb348468e5296f781bb3c38.jpg,a mountain range with mountains and mountains 
51ff87f300834ef89df0439476a424d5.jpg,a tennis racket with a black handle 
80ee7dc2adb1429ea0b8b737229941ab.jpg,a woman is sitting on a stairway 
466420d2a83844f4af1a0deae704875c.jpg,a woman in a black dress is looking at her phone 
1adec67a183d411ab233fb9b55669d49.jpg,a plate of food with some type of dip 
282ab6ee61c24c108000c5738472bf27.jpg,a vase with flowers on a table 
aa3a7fc9692b4c9cad5bc0bdb71631ac.jpg,a woman sitting on a bench with a laptop 
d5c905d61206400c9a6108a10643c895.jpg,a woman sitting on a couch using a laptop 
b7fb9f13300a4809895896570f16a193.jpg,a large building with a large clock on it 
b7ebdd653ace40e583434e718450d002.jpg,a carrot and a piece of bread on a cutting board 
a9007391525243b6b446168d5fc57601.jpg,a man in a yellow shirt is standing in a room 
3cdd9259568d4c1e961e7948faca9a05.jpg,two green and white flowers in a field 
ff3622044ae54ab7bae23e3e9933d3c6.jpg,a white flower in a white vase with a black background 
b8cb4599f8fa424096ea58b50b4b977b.jpg,a person is holding a piece of food in their hand 
312c109a2c384bdc92733073eb3de565.jpg,a bowl of fruit sitting on a table 
3884dfa5a13e4decbbea2b9318e02c19.jpg,a pair of toothbrushes sitting on top of a wooden table 
d23ce8dd4a194c9dadb3748c7c42037c.jpg,a flower in a vase with other flowers 
a49b564947bc404683304fb899c24a96.jpg,two women are sitting on a couch in a living room 
ee54abbb5738485fb22faf2b5fa2630a.jpg,a woman and a man are using a laptop 
f791aa9e99ce4424b81197dbc449c0ed.jpg,a woman in a red shirt talking on a cell phone 
ea466bfab9ec4cbc9bde0d5194604058.jpg,a woman holding a laptop in her hand 
e38ea558a0d447babb552f4bbfe04f06.jpg,a tall building with a clock on top 
30adde6a85e9461991414c34f627f9e5.jpg,a sandwich cut in half on a wooden board 
4419a4295f6543dbba0a71dba3c1d436.jpg,a large blue sky with a blue sky 
a9cec1f956664d06a9d78d89ee420394.jpg,a woman walking down a path with a river 
42cfdedd0f36458998efc879a190dd71.jpg,a man wearing a suit and tie 
e855a6e60eb842ba96cfc5ea5d99cb50.jpg,a man in a suit and tie holding a cell phone 
e0e68125375a4467ac78dd3a16c94dd2.jpg,a blue and white body of water with a blue sky 
